{
  "namespaces": [
    "public"
  ],
  "name": "public",
  "tables": [
    {
      "columns": {
        "roleId": {
          "name": "roleId",
          "type": "serial",
          "unsigned": false,
          "autoincrement": true,
          "primary": true,
          "nullable": false,
          "mappedType": "integer"
        },
        "roleLabel": {
          "name": "roleLabel",
          "type": "text",
          "unsigned": false,
          "autoincrement": false,
          "primary": false,
          "nullable": false,
          "mappedType": "text"
        },
        "rolePriority": {
          "name": "rolePriority",
          "type": "int",
          "unsigned": false,
          "autoincrement": false,
          "primary": false,
          "nullable": false,
          "mappedType": "integer"
        },
        "createdAt": {
          "name": "createdAt",
          "type": "timestamptz",
          "unsigned": false,
          "autoincrement": false,
          "primary": false,
          "nullable": false,
          "length": 6,
          "mappedType": "datetime"
        },
        "updatedAt": {
          "name": "updatedAt",
          "type": "timestamptz",
          "unsigned": false,
          "autoincrement": false,
          "primary": false,
          "nullable": false,
          "length": 6,
          "mappedType": "datetime"
        }
      },
      "name": "roles",
      "schema": "public",
      "indexes": [
        {
          "keyName": "roles_pkey",
          "columnNames": [
            "roleId"
          ],
          "composite": false,
          "constraint": true,
          "primary": true,
          "unique": true
        }
      ],
      "checks": [],
      "foreignKeys": {},
      "nativeEnums": {}
    },
    {
      "columns": {
        "userId": {
          "name": "userId",
          "type": "serial",
          "unsigned": false,
          "autoincrement": true,
          "primary": true,
          "nullable": false,
          "mappedType": "integer"
        },
        "username": {
          "name": "username",
          "type": "text",
          "unsigned": false,
          "autoincrement": false,
          "primary": false,
          "nullable": false,
          "mappedType": "text"
        },
        "password": {
          "name": "password",
          "type": "text",
          "unsigned": false,
          "autoincrement": false,
          "primary": false,
          "nullable": false,
          "mappedType": "text"
        },
        "email": {
          "name": "email",
          "type": "text",
          "unsigned": false,
          "autoincrement": false,
          "primary": false,
          "nullable": false,
          "mappedType": "text"
        },
        "fullname": {
          "name": "fullname",
          "type": "text",
          "unsigned": false,
          "autoincrement": false,
          "primary": false,
          "nullable": false,
          "mappedType": "text"
        },
        "avatar": {
          "name": "avatar",
          "type": "text",
          "unsigned": false,
          "autoincrement": false,
          "primary": false,
          "nullable": true,
          "mappedType": "text"
        },
        "phoneNumber": {
          "name": "phoneNumber",
          "type": "text",
          "unsigned": false,
          "autoincrement": false,
          "primary": false,
          "nullable": false,
          "mappedType": "text"
        },
        "createdAt": {
          "name": "createdAt",
          "type": "timestamptz",
          "unsigned": false,
          "autoincrement": false,
          "primary": false,
          "nullable": false,
          "length": 6,
          "mappedType": "datetime"
        },
        "updatedAt": {
          "name": "updatedAt",
          "type": "timestamptz",
          "unsigned": false,
          "autoincrement": false,
          "primary": false,
          "nullable": false,
          "length": 6,
          "mappedType": "datetime"
        }
      },
      "name": "users",
      "schema": "public",
      "indexes": [
        {
          "keyName": "users_pkey",
          "columnNames": [
            "userId"
          ],
          "composite": false,
          "constraint": true,
          "primary": true,
          "unique": true
        }
      ],
      "checks": [],
      "foreignKeys": {},
      "nativeEnums": {}
    },
    {
      "columns": {
        "storeId": {
          "name": "storeId",
          "type": "serial",
          "unsigned": false,
          "autoincrement": true,
          "primary": true,
          "nullable": false,
          "mappedType": "integer"
        },
        "storeName": {
          "name": "storeName",
          "type": "text",
          "unsigned": false,
          "autoincrement": false,
          "primary": false,
          "nullable": false,
          "mappedType": "text"
        },
        "storeAddress": {
          "name": "storeAddress",
          "type": "text",
          "unsigned": false,
          "autoincrement": false,
          "primary": false,
          "nullable": false,
          "mappedType": "text"
        },
        "storePhoneNumber": {
          "name": "storePhoneNumber",
          "type": "text",
          "unsigned": false,
          "autoincrement": false,
          "primary": false,
          "nullable": false,
          "mappedType": "text"
        },
        "storeStatus": {
          "name": "storeStatus",
          "type": "text",
          "unsigned": false,
          "autoincrement": false,
          "primary": false,
          "nullable": false,
          "default": "'active'",
          "enumItems": [
            "active",
            "inactive",
            "closed"
          ],
          "mappedType": "enum"
        },
        "openingHours": {
          "name": "openingHours",
          "type": "text",
          "unsigned": false,
          "autoincrement": false,
          "primary": false,
          "nullable": false,
          "mappedType": "text"
        },
        "closingHours": {
          "name": "closingHours",
          "type": "text",
          "unsigned": false,
          "autoincrement": false,
          "primary": false,
          "nullable": false,
          "mappedType": "text"
        },
        "userId": {
          "name": "userId",
          "type": "int",
          "unsigned": false,
          "autoincrement": false,
          "primary": false,
          "nullable": false,
          "mappedType": "integer"
        },
        "createdAt": {
          "name": "createdAt",
          "type": "timestamptz",
          "unsigned": false,
          "autoincrement": false,
          "primary": false,
          "nullable": false,
          "length": 6,
          "mappedType": "datetime"
        },
        "updatedAt": {
          "name": "updatedAt",
          "type": "timestamptz",
          "unsigned": false,
          "autoincrement": false,
          "primary": false,
          "nullable": false,
          "length": 6,
          "mappedType": "datetime"
        }
      },
      "name": "stores",
      "schema": "public",
      "indexes": [
        {
          "keyName": "stores_pkey",
          "columnNames": [
            "storeId"
          ],
          "composite": false,
          "constraint": true,
          "primary": true,
          "unique": true
        }
      ],
      "checks": [],
      "foreignKeys": {
        "stores_userId_foreign": {
          "constraintName": "stores_userId_foreign",
          "columnNames": [
            "userId"
          ],
          "localTableName": "public.stores",
          "referencedColumnNames": [
            "userId"
          ],
          "referencedTableName": "public.users",
          "deleteRule": "cascade",
          "updateRule": "cascade"
        }
      },
      "nativeEnums": {}
    },
    {
      "columns": {
        "toppingId": {
          "name": "toppingId",
          "type": "serial",
          "unsigned": false,
          "autoincrement": true,
          "primary": true,
          "nullable": false,
          "mappedType": "integer"
        },
        "toppingName": {
          "name": "toppingName",
          "type": "text",
          "unsigned": false,
          "autoincrement": false,
          "primary": false,
          "nullable": false,
          "mappedType": "text"
        },
        "multiple": {
          "name": "multiple",
          "type": "boolean",
          "unsigned": false,
          "autoincrement": false,
          "primary": false,
          "nullable": false,
          "mappedType": "boolean"
        },
        "shopId": {
          "name": "shopId",
          "type": "int",
          "unsigned": false,
          "autoincrement": false,
          "primary": false,
          "nullable": false,
          "mappedType": "integer"
        }
      },
      "name": "toppings",
      "schema": "public",
      "indexes": [
        {
          "keyName": "toppings_pkey",
          "columnNames": [
            "toppingId"
          ],
          "composite": false,
          "constraint": true,
          "primary": true,
          "unique": true
        }
      ],
      "checks": [],
      "foreignKeys": {
        "toppings_shopId_foreign": {
          "constraintName": "toppings_shopId_foreign",
          "columnNames": [
            "shopId"
          ],
          "localTableName": "public.toppings",
          "referencedColumnNames": [
            "storeId"
          ],
          "referencedTableName": "public.stores",
          "deleteRule": "cascade",
          "updateRule": "cascade"
        }
      },
      "nativeEnums": {}
    },
    {
      "columns": {
        "toppingValueId": {
          "name": "toppingValueId",
          "type": "serial",
          "unsigned": false,
          "autoincrement": true,
          "primary": true,
          "nullable": false,
          "mappedType": "integer"
        },
        "toppingValueName": {
          "name": "toppingValueName",
          "type": "text",
          "unsigned": false,
          "autoincrement": false,
          "primary": false,
          "nullable": false,
          "mappedType": "text"
        },
        "toppingPrice": {
          "name": "toppingPrice",
          "type": "double precision",
          "unsigned": false,
          "autoincrement": false,
          "primary": false,
          "nullable": false,
          "mappedType": "double"
        },
        "toppingId": {
          "name": "toppingId",
          "type": "int",
          "unsigned": false,
          "autoincrement": false,
          "primary": false,
          "nullable": false,
          "mappedType": "integer"
        }
      },
      "name": "topping_values",
      "schema": "public",
      "indexes": [
        {
          "keyName": "topping_values_pkey",
          "columnNames": [
            "toppingValueId"
          ],
          "composite": false,
          "constraint": true,
          "primary": true,
          "unique": true
        }
      ],
      "checks": [],
      "foreignKeys": {
        "topping_values_toppingId_foreign": {
          "constraintName": "topping_values_toppingId_foreign",
          "columnNames": [
            "toppingId"
          ],
          "localTableName": "public.topping_values",
          "referencedColumnNames": [
            "toppingId"
          ],
          "referencedTableName": "public.toppings",
          "deleteRule": "cascade",
          "updateRule": "cascade"
        }
      },
      "nativeEnums": {}
    },
    {
      "columns": {
        "storeImageId": {
          "name": "storeImageId",
          "type": "serial",
          "unsigned": false,
          "autoincrement": true,
          "primary": true,
          "nullable": false,
          "mappedType": "integer"
        },
        "imageUrl": {
          "name": "imageUrl",
          "type": "text",
          "unsigned": false,
          "autoincrement": false,
          "primary": false,
          "nullable": false,
          "mappedType": "text"
        },
        "storeId": {
          "name": "storeId",
          "type": "int",
          "unsigned": false,
          "autoincrement": false,
          "primary": false,
          "nullable": false,
          "mappedType": "integer"
        }
      },
      "name": "store_images",
      "schema": "public",
      "indexes": [
        {
          "keyName": "store_images_pkey",
          "columnNames": [
            "storeImageId"
          ],
          "composite": false,
          "constraint": true,
          "primary": true,
          "unique": true
        }
      ],
      "checks": [],
      "foreignKeys": {
        "store_images_storeId_foreign": {
          "constraintName": "store_images_storeId_foreign",
          "columnNames": [
            "storeId"
          ],
          "localTableName": "public.store_images",
          "referencedColumnNames": [
            "storeId"
          ],
          "referencedTableName": "public.stores",
          "deleteRule": "cascade",
          "updateRule": "cascade"
        }
      },
      "nativeEnums": {}
    },
    {
      "columns": {
        "productId": {
          "name": "productId",
          "type": "serial",
          "unsigned": false,
          "autoincrement": true,
          "primary": true,
          "nullable": false,
          "mappedType": "integer"
        },
        "productName": {
          "name": "productName",
          "type": "text",
          "unsigned": false,
          "autoincrement": false,
          "primary": false,
          "nullable": false,
          "mappedType": "text"
        },
        "productPrice": {
          "name": "productPrice",
          "type": "double precision",
          "unsigned": false,
          "autoincrement": false,
          "primary": false,
          "nullable": false,
          "mappedType": "double"
        },
        "productDescription": {
          "name": "productDescription",
          "type": "text",
          "unsigned": false,
          "autoincrement": false,
          "primary": false,
          "nullable": false,
          "mappedType": "text"
        },
        "productStatus": {
          "name": "productStatus",
          "type": "text",
          "unsigned": false,
          "autoincrement": false,
          "primary": false,
          "nullable": false,
          "default": "'available'",
          "enumItems": [
            "available",
            "outOfStock",
            "discontinued"
          ],
          "mappedType": "enum"
        },
        "storeId": {
          "name": "storeId",
          "type": "int",
          "unsigned": false,
          "autoincrement": false,
          "primary": false,
          "nullable": false,
          "mappedType": "integer"
        },
        "createdAt": {
          "name": "createdAt",
          "type": "timestamptz",
          "unsigned": false,
          "autoincrement": false,
          "primary": false,
          "nullable": false,
          "length": 6,
          "mappedType": "datetime"
        },
        "updatedAt": {
          "name": "updatedAt",
          "type": "timestamptz",
          "unsigned": false,
          "autoincrement": false,
          "primary": false,
          "nullable": false,
          "length": 6,
          "mappedType": "datetime"
        }
      },
      "name": "products",
      "schema": "public",
      "indexes": [
        {
          "keyName": "products_pkey",
          "columnNames": [
            "productId"
          ],
          "composite": false,
          "constraint": true,
          "primary": true,
          "unique": true
        }
      ],
      "checks": [],
      "foreignKeys": {
        "products_storeId_foreign": {
          "constraintName": "products_storeId_foreign",
          "columnNames": [
            "storeId"
          ],
          "localTableName": "public.products",
          "referencedColumnNames": [
            "storeId"
          ],
          "referencedTableName": "public.stores",
          "deleteRule": "cascade",
          "updateRule": "cascade"
        }
      },
      "nativeEnums": {}
    },
    {
      "columns": {
        "productToppingId": {
          "name": "productToppingId",
          "type": "serial",
          "unsigned": false,
          "autoincrement": true,
          "primary": true,
          "nullable": false,
          "mappedType": "integer"
        },
        "productId": {
          "name": "productId",
          "type": "int",
          "unsigned": false,
          "autoincrement": false,
          "primary": false,
          "nullable": false,
          "mappedType": "integer"
        },
        "toppingId": {
          "name": "toppingId",
          "type": "int",
          "unsigned": false,
          "autoincrement": false,
          "primary": false,
          "nullable": false,
          "mappedType": "integer"
        }
      },
      "name": "products_toppings",
      "schema": "public",
      "indexes": [
        {
          "keyName": "products_toppings_pkey",
          "columnNames": [
            "productToppingId"
          ],
          "composite": false,
          "constraint": true,
          "primary": true,
          "unique": true
        }
      ],
      "checks": [],
      "foreignKeys": {
        "products_toppings_productId_foreign": {
          "constraintName": "products_toppings_productId_foreign",
          "columnNames": [
            "productId"
          ],
          "localTableName": "public.products_toppings",
          "referencedColumnNames": [
            "productId"
          ],
          "referencedTableName": "public.products",
          "deleteRule": "cascade",
          "updateRule": "cascade"
        },
        "products_toppings_toppingId_foreign": {
          "constraintName": "products_toppings_toppingId_foreign",
          "columnNames": [
            "toppingId"
          ],
          "localTableName": "public.products_toppings",
          "referencedColumnNames": [
            "toppingId"
          ],
          "referencedTableName": "public.toppings",
          "deleteRule": "cascade",
          "updateRule": "cascade"
        }
      },
      "nativeEnums": {}
    },
    {
      "columns": {
        "productImageId": {
          "name": "productImageId",
          "type": "serial",
          "unsigned": false,
          "autoincrement": true,
          "primary": true,
          "nullable": false,
          "mappedType": "integer"
        },
        "imageUrl": {
          "name": "imageUrl",
          "type": "text",
          "unsigned": false,
          "autoincrement": false,
          "primary": false,
          "nullable": false,
          "mappedType": "text"
        },
        "productId": {
          "name": "productId",
          "type": "int",
          "unsigned": false,
          "autoincrement": false,
          "primary": false,
          "nullable": false,
          "mappedType": "integer"
        }
      },
      "name": "product_images",
      "schema": "public",
      "indexes": [
        {
          "keyName": "product_images_pkey",
          "columnNames": [
            "productImageId"
          ],
          "composite": false,
          "constraint": true,
          "primary": true,
          "unique": true
        }
      ],
      "checks": [],
      "foreignKeys": {
        "product_images_productId_foreign": {
          "constraintName": "product_images_productId_foreign",
          "columnNames": [
            "productId"
          ],
          "localTableName": "public.product_images",
          "referencedColumnNames": [
            "productId"
          ],
          "referencedTableName": "public.products",
          "deleteRule": "cascade",
          "updateRule": "cascade"
        }
      },
      "nativeEnums": {}
    },
    {
      "columns": {
        "sessionId": {
          "name": "sessionId",
          "type": "serial",
          "unsigned": false,
          "autoincrement": true,
          "primary": true,
          "nullable": false,
          "mappedType": "integer"
        },
        "refreshToken": {
          "name": "refreshToken",
          "type": "text",
          "unsigned": false,
          "autoincrement": false,
          "primary": false,
          "nullable": false,
          "mappedType": "text"
        },
        "userId": {
          "name": "userId",
          "type": "int",
          "unsigned": false,
          "autoincrement": false,
          "primary": false,
          "nullable": false,
          "mappedType": "integer"
        },
        "createdAt": {
          "name": "createdAt",
          "type": "timestamptz",
          "unsigned": false,
          "autoincrement": false,
          "primary": false,
          "nullable": false,
          "length": 6,
          "mappedType": "datetime"
        },
        "updatedAt": {
          "name": "updatedAt",
          "type": "timestamptz",
          "unsigned": false,
          "autoincrement": false,
          "primary": false,
          "nullable": false,
          "length": 6,
          "mappedType": "datetime"
        }
      },
      "name": "sessions",
      "schema": "public",
      "indexes": [
        {
          "keyName": "sessions_pkey",
          "columnNames": [
            "sessionId"
          ],
          "composite": false,
          "constraint": true,
          "primary": true,
          "unique": true
        }
      ],
      "checks": [],
      "foreignKeys": {
        "sessions_userId_foreign": {
          "constraintName": "sessions_userId_foreign",
          "columnNames": [
            "userId"
          ],
          "localTableName": "public.sessions",
          "referencedColumnNames": [
            "userId"
          ],
          "referencedTableName": "public.users",
          "deleteRule": "cascade",
          "updateRule": "cascade"
        }
      },
      "nativeEnums": {}
    },
    {
      "columns": {
        "reviewId": {
          "name": "reviewId",
          "type": "serial",
          "unsigned": false,
          "autoincrement": true,
          "primary": true,
          "nullable": false,
          "mappedType": "integer"
        },
        "reviewScore": {
          "name": "reviewScore",
          "type": "int",
          "unsigned": false,
          "autoincrement": false,
          "primary": false,
          "nullable": false,
          "mappedType": "integer"
        },
        "reviewContent": {
          "name": "reviewContent",
          "type": "text",
          "unsigned": false,
          "autoincrement": false,
          "primary": false,
          "nullable": false,
          "mappedType": "text"
        },
        "userId": {
          "name": "userId",
          "type": "int",
          "unsigned": false,
          "autoincrement": false,
          "primary": false,
          "nullable": false,
          "mappedType": "integer"
        },
        "productId": {
          "name": "productId",
          "type": "int",
          "unsigned": false,
          "autoincrement": false,
          "primary": false,
          "nullable": false,
          "mappedType": "integer"
        },
        "createdAt": {
          "name": "createdAt",
          "type": "timestamptz",
          "unsigned": false,
          "autoincrement": false,
          "primary": false,
          "nullable": false,
          "length": 6,
          "mappedType": "datetime"
        },
        "updatedAt": {
          "name": "updatedAt",
          "type": "timestamptz",
          "unsigned": false,
          "autoincrement": false,
          "primary": false,
          "nullable": false,
          "length": 6,
          "mappedType": "datetime"
        }
      },
      "name": "reviews",
      "schema": "public",
      "indexes": [
        {
          "keyName": "reviews_pkey",
          "columnNames": [
            "reviewId"
          ],
          "composite": false,
          "constraint": true,
          "primary": true,
          "unique": true
        }
      ],
      "checks": [],
      "foreignKeys": {
        "reviews_userId_foreign": {
          "constraintName": "reviews_userId_foreign",
          "columnNames": [
            "userId"
          ],
          "localTableName": "public.reviews",
          "referencedColumnNames": [
            "userId"
          ],
          "referencedTableName": "public.users",
          "deleteRule": "cascade",
          "updateRule": "cascade"
        },
        "reviews_productId_foreign": {
          "constraintName": "reviews_productId_foreign",
          "columnNames": [
            "productId"
          ],
          "localTableName": "public.reviews",
          "referencedColumnNames": [
            "productId"
          ],
          "referencedTableName": "public.products",
          "deleteRule": "cascade",
          "updateRule": "cascade"
        }
      },
      "nativeEnums": {}
    },
    {
      "columns": {
        "addressId": {
          "name": "addressId",
          "type": "serial",
          "unsigned": false,
          "autoincrement": true,
          "primary": true,
          "nullable": false,
          "mappedType": "integer"
        },
        "detailAddress": {
          "name": "detailAddress",
          "type": "text",
          "unsigned": false,
          "autoincrement": false,
          "primary": false,
          "nullable": false,
          "mappedType": "text"
        },
        "addressName": {
          "name": "addressName",
          "type": "text",
          "unsigned": false,
          "autoincrement": false,
          "primary": false,
          "nullable": false,
          "mappedType": "text"
        },
        "addressPhone": {
          "name": "addressPhone",
          "type": "text",
          "unsigned": false,
          "autoincrement": false,
          "primary": false,
          "nullable": false,
          "mappedType": "text"
        },
        "department": {
          "name": "department",
          "type": "text",
          "unsigned": false,
          "autoincrement": false,
          "primary": false,
          "nullable": false,
          "mappedType": "text"
        },
        "addressNote": {
          "name": "addressNote",
          "type": "text",
          "unsigned": false,
          "autoincrement": false,
          "primary": false,
          "nullable": false,
          "mappedType": "text"
        },
        "userId": {
          "name": "userId",
          "type": "int",
          "unsigned": false,
          "autoincrement": false,
          "primary": false,
          "nullable": false,
          "mappedType": "integer"
        }
      },
      "name": "addresses",
      "schema": "public",
      "indexes": [
        {
          "keyName": "addresses_pkey",
          "columnNames": [
            "addressId"
          ],
          "composite": false,
          "constraint": true,
          "primary": true,
          "unique": true
        }
      ],
      "checks": [],
      "foreignKeys": {
        "addresses_userId_foreign": {
          "constraintName": "addresses_userId_foreign",
          "columnNames": [
            "userId"
          ],
          "localTableName": "public.addresses",
          "referencedColumnNames": [
            "userId"
          ],
          "referencedTableName": "public.users",
          "deleteRule": "cascade",
          "updateRule": "cascade"
        }
      },
      "nativeEnums": {}
    },
    {
      "columns": {
        "orderId": {
          "name": "orderId",
          "type": "serial",
          "unsigned": false,
          "autoincrement": true,
          "primary": true,
          "nullable": false,
          "mappedType": "integer"
        },
        "vnpayOrderId": {
          "name": "vnpayOrderId",
          "type": "text",
          "unsigned": false,
          "autoincrement": false,
          "primary": false,
          "nullable": true,
          "mappedType": "text"
        },
        "orderTotalPrice": {
          "name": "orderTotalPrice",
          "type": "double precision",
          "unsigned": false,
          "autoincrement": false,
          "primary": false,
          "nullable": true,
          "mappedType": "double"
        },
        "isDraft": {
          "name": "isDraft",
          "type": "boolean",
          "unsigned": false,
          "autoincrement": false,
          "primary": false,
          "nullable": false,
          "mappedType": "boolean"
        },
        "purchaseMethod": {
          "name": "purchaseMethod",
          "type": "varchar(255)",
          "unsigned": false,
          "autoincrement": false,
          "primary": false,
          "nullable": true,
          "length": 255,
          "mappedType": "string"
        },
        "userId": {
          "name": "userId",
          "type": "int",
          "unsigned": false,
          "autoincrement": false,
          "primary": false,
          "nullable": false,
          "mappedType": "integer"
        },
        "addressId": {
          "name": "addressId",
          "type": "int",
          "unsigned": false,
          "autoincrement": false,
          "primary": false,
          "nullable": true,
          "mappedType": "integer"
        },
        "createdAt": {
          "name": "createdAt",
          "type": "timestamptz",
          "unsigned": false,
          "autoincrement": false,
          "primary": false,
          "nullable": false,
          "length": 6,
          "mappedType": "datetime"
        },
        "updatedAt": {
          "name": "updatedAt",
          "type": "timestamptz",
          "unsigned": false,
          "autoincrement": false,
          "primary": false,
          "nullable": false,
          "length": 6,
          "mappedType": "datetime"
        }
      },
      "name": "orders",
      "schema": "public",
      "indexes": [
        {
          "keyName": "orders_pkey",
          "columnNames": [
            "orderId"
          ],
          "composite": false,
          "constraint": true,
          "primary": true,
          "unique": true
        }
      ],
      "checks": [],
      "foreignKeys": {
        "orders_userId_foreign": {
          "constraintName": "orders_userId_foreign",
          "columnNames": [
            "userId"
          ],
          "localTableName": "public.orders",
          "referencedColumnNames": [
            "userId"
          ],
          "referencedTableName": "public.users",
          "deleteRule": "cascade",
          "updateRule": "cascade"
        },
        "orders_addressId_foreign": {
          "constraintName": "orders_addressId_foreign",
          "columnNames": [
            "addressId"
          ],
          "localTableName": "public.orders",
          "referencedColumnNames": [
            "addressId"
          ],
          "referencedTableName": "public.addresses",
          "deleteRule": "cascade",
          "updateRule": "cascade"
        }
      },
      "nativeEnums": {}
    },
    {
      "columns": {
        "orderItemId": {
          "name": "orderItemId",
          "type": "serial",
          "unsigned": false,
          "autoincrement": true,
          "primary": true,
          "nullable": false,
          "mappedType": "integer"
        },
        "totalPrice": {
          "name": "totalPrice",
          "type": "double precision",
          "unsigned": false,
          "autoincrement": false,
          "primary": false,
          "nullable": false,
          "mappedType": "double"
        },
        "quantity": {
          "name": "quantity",
          "type": "int",
          "unsigned": false,
          "autoincrement": false,
          "primary": false,
          "nullable": false,
          "mappedType": "integer"
        },
        "note": {
          "name": "note",
          "type": "text",
          "unsigned": false,
          "autoincrement": false,
          "primary": false,
          "nullable": true,
          "mappedType": "text"
        },
        "deliveryStatus": {
          "name": "deliveryStatus",
          "type": "text",
          "unsigned": false,
          "autoincrement": false,
          "primary": false,
          "nullable": false,
          "enumItems": [
            "verifying",
            "preparing",
            "delivering",
            "delivered",
            "canceled"
          ],
          "mappedType": "enum"
        },
        "productId": {
          "name": "productId",
          "type": "int",
          "unsigned": false,
          "autoincrement": false,
          "primary": false,
          "nullable": false,
          "mappedType": "integer"
        },
        "orderId": {
          "name": "orderId",
          "type": "int",
          "unsigned": false,
          "autoincrement": false,
          "primary": false,
          "nullable": false,
          "mappedType": "integer"
        },
        "createdAt": {
          "name": "createdAt",
          "type": "timestamptz",
          "unsigned": false,
          "autoincrement": false,
          "primary": false,
          "nullable": false,
          "length": 6,
          "mappedType": "datetime"
        },
        "updatedAt": {
          "name": "updatedAt",
          "type": "timestamptz",
          "unsigned": false,
          "autoincrement": false,
          "primary": false,
          "nullable": false,
          "length": 6,
          "mappedType": "datetime"
        }
      },
      "name": "order_items",
      "schema": "public",
      "indexes": [
        {
          "keyName": "order_items_pkey",
          "columnNames": [
            "orderItemId"
          ],
          "composite": false,
          "constraint": true,
          "primary": true,
          "unique": true
        }
      ],
      "checks": [],
      "foreignKeys": {
        "order_items_productId_foreign": {
          "constraintName": "order_items_productId_foreign",
          "columnNames": [
            "productId"
          ],
          "localTableName": "public.order_items",
          "referencedColumnNames": [
            "productId"
          ],
          "referencedTableName": "public.products",
          "deleteRule": "cascade",
          "updateRule": "cascade"
        },
        "order_items_orderId_foreign": {
          "constraintName": "order_items_orderId_foreign",
          "columnNames": [
            "orderId"
          ],
          "localTableName": "public.order_items",
          "referencedColumnNames": [
            "orderId"
          ],
          "referencedTableName": "public.orders",
          "deleteRule": "cascade",
          "updateRule": "cascade"
        }
      },
      "nativeEnums": {}
    },
    {
      "columns": {
        "orderToppingId": {
          "name": "orderToppingId",
          "type": "serial",
          "unsigned": false,
          "autoincrement": true,
          "primary": true,
          "nullable": false,
          "mappedType": "integer"
        },
        "orderItemId": {
          "name": "orderItemId",
          "type": "int",
          "unsigned": false,
          "autoincrement": false,
          "primary": false,
          "nullable": false,
          "mappedType": "integer"
        },
        "toppingValueId": {
          "name": "toppingValueId",
          "type": "int",
          "unsigned": false,
          "autoincrement": false,
          "primary": false,
          "nullable": false,
          "mappedType": "integer"
        }
      },
      "name": "orders_toppings",
      "schema": "public",
      "indexes": [
        {
          "keyName": "orders_toppings_pkey",
          "columnNames": [
            "orderToppingId"
          ],
          "composite": false,
          "constraint": true,
          "primary": true,
          "unique": true
        }
      ],
      "checks": [],
      "foreignKeys": {
        "orders_toppings_orderItemId_foreign": {
          "constraintName": "orders_toppings_orderItemId_foreign",
          "columnNames": [
            "orderItemId"
          ],
          "localTableName": "public.orders_toppings",
          "referencedColumnNames": [
            "orderItemId"
          ],
          "referencedTableName": "public.order_items",
          "deleteRule": "cascade",
          "updateRule": "cascade"
        },
        "orders_toppings_toppingValueId_foreign": {
          "constraintName": "orders_toppings_toppingValueId_foreign",
          "columnNames": [
            "toppingValueId"
          ],
          "localTableName": "public.orders_toppings",
          "referencedColumnNames": [
            "toppingValueId"
          ],
          "referencedTableName": "public.topping_values",
          "deleteRule": "cascade",
          "updateRule": "cascade"
        }
      },
      "nativeEnums": {}
    },
    {
      "columns": {
        "userRoleId": {
          "name": "userRoleId",
          "type": "serial",
          "unsigned": false,
          "autoincrement": true,
          "primary": true,
          "nullable": false,
          "mappedType": "integer"
        },
        "userId": {
          "name": "userId",
          "type": "int",
          "unsigned": false,
          "autoincrement": false,
          "primary": false,
          "nullable": false,
          "mappedType": "integer"
        },
        "roleId": {
          "name": "roleId",
          "type": "int",
          "unsigned": false,
          "autoincrement": false,
          "primary": false,
          "nullable": false,
          "mappedType": "integer"
        },
        "createdAt": {
          "name": "createdAt",
          "type": "timestamptz",
          "unsigned": false,
          "autoincrement": false,
          "primary": false,
          "nullable": false,
          "length": 6,
          "default": "now()",
          "mappedType": "datetime"
        },
        "updatedAt": {
          "name": "updatedAt",
          "type": "timestamptz",
          "unsigned": false,
          "autoincrement": false,
          "primary": false,
          "nullable": false,
          "length": 6,
          "default": "now()",
          "mappedType": "datetime"
        }
      },
      "name": "users_roles",
      "schema": "public",
      "indexes": [
        {
          "keyName": "users_roles_pkey",
          "columnNames": [
            "userRoleId"
          ],
          "composite": false,
          "constraint": true,
          "primary": true,
          "unique": true
        }
      ],
      "checks": [],
      "foreignKeys": {
        "users_roles_userId_foreign": {
          "constraintName": "users_roles_userId_foreign",
          "columnNames": [
            "userId"
          ],
          "localTableName": "public.users_roles",
          "referencedColumnNames": [
            "userId"
          ],
          "referencedTableName": "public.users",
          "deleteRule": "cascade",
          "updateRule": "cascade"
        },
        "users_roles_roleId_foreign": {
          "constraintName": "users_roles_roleId_foreign",
          "columnNames": [
            "roleId"
          ],
          "localTableName": "public.users_roles",
          "referencedColumnNames": [
            "roleId"
          ],
          "referencedTableName": "public.roles",
          "deleteRule": "cascade",
          "updateRule": "cascade"
        }
      },
      "nativeEnums": {}
    }
  ],
  "nativeEnums": {}
}
